Departamento,Fechas,Lugar,Festividades
Amazonas,Febrero (Movible),Todo el departamento,Carnavales.
Amazonas,1-6 de mayo,Todo el departamento,Fiesta de las Cruces.
Amazonas,24 de junio,Bongará,Fiesta de San Juan.
Amazonas,25-29 de junio,Todo el departamento,Festividad de San Pedro y San Pablo.
Amazonas,Movible,Chachapoyas,Semana Turística.
Amazonas,24-25 de julio,Uctubamba,Fiesta del Apóstol Santiago.
Amazonas,29 de julio,Chachapoyas,Fiesta Patronal de la Virgen del Carmen.
Amazonas,15 de agosto,Chachapoyas,Fiesta Patronal de la Virgen Asunta.
Amazonas,5 de setiembre,"Chachapoyas, Rodríguez de Mendoza","Aniversario de la fundación de la ciudad.
Fiesta Patronal de San Nicolás."
Amazonas,14 de setiembre,Lamud,Fiesta Patronal del Señor de Gualamita.
Amazonas,18 de octubre,"Chachapoyas, Bongará","Fiesta Patronal del Señor de los Milagros.
Fiesta Patronal de San Lucas."
Amazonas,2 de noviembre,Chachapoyas,Día de los difuntos.
Amazonas,21 de noviembre,Chachapoyas,Aniversario del departamento.
Amazonas,Todos los miércoles de diciembre,Chachapoyas,Velación del Niño Jesús.
Ancash,1 de enero,Corongo,"Fiesta del Año Nuevo de los Jueces de
Agua"
Ancash,1 de enero,Huaraz,Danza de los Negritos y el Niño Jesús
Ancash,6 de enero,Huancabamba,Herodes del Balcón y Tres Reyes
Ancash,20 de enero,Huaraz,Festival de San Sebastián
Ancash,20 de enero,Huaraz,"Caraz, San Sebastián, Recuay Fiesta de
la Virgen de Chinquinquirá"
Ancash,Febrero,Huaraz,Carnaval Huachihualito y Cortamonte
Ancash,6 de febrero,Huaylas,Fiesta de la Virgen de Lourdes
Ancash,15 de febrero,Aija,Fiesta de la Virgen de la Candelaria
Ancash,Domingo de Ramos,Porcón,Fiesta de las Cruces
Ancash,Domingo de Ramos,Huancabamba,Procesión del Señor en burro vivo
Ancash,Marzo-abril,Áncash,Semana Santa
Ancash,3 de marzo,Bolognesi (Cochas),Fiesta Patronal
Ancash,6 de marzo,Huaraz (Jangas),San José-
Ancash,27 de abril,Tayabamba,Fiesta de Santo Toribio de Mogrovejo
Ancash,27 de abril,Huaylas,Santo Toribio
Ancash,27 de abril,Huaylas,"Día del Milagro, Santo Toribio"
Ancash,16 de mayo,Huaraz,"El Señor de Mayo y la Exaltación
de la Santísima cruz"
Ancash,3 de mayo,Bolognesi,Fiesta Patronal del Señor de Cahucayán
Ancash,3-11 de mayo,Huaraz,El Señor de la Soledad
Ancash,15 de mayo,Huaraz,San Isidro
Ancash,Junio,Huancabamba,Corpus Christi
Ancash,8 de junio,Áncash,Fiesta de la Virgen Purísima
Ancash,13 de junio,Pallasca,San Antonio
Ancash,16 de junio,"Aija, Corongo, Santa",Fiesta de San Pedro
Ancash,24 de junio,Huaraz,San Juan
Ancash,24 de junio,"Pallasca, Huánuco",Fiesta de San Juan
Ancash,29 de junio,"Caraz, Corongo",Fiesta de San Pedro y San Pablo
Ancash,1-10 de julio,Huaylas,"Festividad de Santa Isabel o la Virgen de las
Cosechas"
Ancash,8 de julio,Huaylas,Santa Isabel
Ancash,13 de julio,Carhuaz,Fiesta Patronal
Ancash,15-30 de julio,Pallasca,Fiesta de Santiago el Mayor
Ancash,16-22 de julio,"Huari, Huaraz",Fiesta de la Virgen del Carmen
Ancash,22 de julio,Casma,María Magdalena
Ancash,22 al 31 de julio,Huaylas,"Semana Turística del Callejón
de Huaylas"
Ancash,24 de julio,Huaraz,Fiesta de San Cristóbal
Ancash,24-25 de julio,Aija,Fiesta de Santa Ana
Ancash,25 de julio,Pallasca,Fiesta del Apóstol Santiago
Ancash,27 al 02 de agosto,Áncash,La Virgen del Carmen
Ancash,1-2 de agosto,Sihuas,Fiesta Patronal de la Virgen de las Nieves
Ancash,4 de agosto,Pallasca,"Tauca), Yungay, Sto Domingo Santo Domingo"
Ancash,6 de agosto,Sihuas,Fiesta Patronal de la Virgen de las Nieves
Ancash,15 de agosto,"Corongo,","Huari, Huaylas Fiesta de la Virgen de la Asunción"
Ancash,15 de agosto,"Bolognesi, Antonio Raimondi",Fiesta de la Virgen del Rosario
Ancash,20 de agosto,Yungay,El Señor de Santa 20-22 de agosto
Ancash,1 de setiembre,Hualgayoc,Fiesta de la Virgen del Carmen
Ancash,3 de setiembre,Huaraz,San Agustín
Ancash,8 de setiembre,Huaraz,Fiesta religiosa de Antuhuarán
Ancash,11 de setiembre,Huaylas (Huata),
Ancash,14-24 de setiembre,"Corongo, Huaraz, Huaylas",Fiesta de la Santa Cruz
Ancash,24 de set-2 de oct,Áncash,"«Octava» de la Virgen de las Mercedes
de Carhuaz"
Ancash,4 de octubre,"Huaraz, Huarmey, Pomabamba",Fiesta de San Francisco de Asís
Ancash,5 – 8 de octubre,Huari,La Virgen del Rosario
Ancash,6 de octubre,Huaraz,San Miguelito
Ancash,7 de octubre,Bolognesi,La Virgen del Rosario
Ancash,7 de octubre,"Huaraz, Huari, Yungay",La Virgen del Rosario
Ancash,8 de octubre,Huaraz,Fiesta Patronal
Ancash,15 de octubre,Huaraz,El Señor de la Exaltación
Ancash,Tercer domingo de octubre,Huaraz (Independencia y Nicropampa),La Virgen del Rosario
Ancash,1-15 de octubre,Ayabaca,"Peregrinación y procesión del
Señor Cautivo"
Ancash,1 de noviembre,"Carhuaz, Recuay y Sihuas",Todos los Santos
Ancash,1 de noviembre,"Áncash, Piura",Fiesta de Todos los Santos
Ancash,2 de noviembre,Mariscal Luzuriaga,Día de los difuntos
Ancash,25 de noviembre,Huaraz,Santa Catalina
Ancash,8 de diciembre,Áncash,Fiesta de la Inmaculada Concepción
Ancash,10 de diciembre,Huaraz,Fiesta de mama Loreta o de la Virgen de Loreta
Ancash,15 de diciembre,Huaraz (comunidad de restauración),La Inmaculada Concepción
Ancash,24 de diciembre,Huaraz (Independencia),La natividad del Niño Jesús.
Ancash,25 de diciembre,Huaylas (Pueblo Libre),Señor de Navidad
Apurimac,1 de enero,Año Nuevo,Diversas celebraciones
Apurimac,13 de enero,Abancay,Día Patronal del Señor de la Caída
Apurimac,25 de enero,"Andahuaylas Talavera, Chincheros",Festividad del Niño de Praga
Apurimac,2 de febrero,Apurímac,Apurímac Fiesta de la Virgen de la Candelaria
Apurimac,4 de febrero,Abancay,La Virgen de La Candelaria
Apurimac,Ente febrero y marzo,Todo Apurímac,Carnavales
Apurimac,19 de marzo,Andahuaylas y San Jerónimo,"Patrón San José y fiesta de los
carpinteros San Jerónimo, Talavera, Chincheros
Domingo de Ramos"
Apurimac,2 de mayo,"Andahuaylas, Chincheros",Cruz Velácuy
Apurimac,3 de mayo,"Abancay, Tambopata",Cruz Velacuy
Apurimac,13 mayo,Grau,Festividad de la Virgen de Fátima
Apurimac,15 de mayo,"Andahuaylas, Talavera, Tambobamba",San Isidro Labrador
Apurimac,13 de junio,Chincheros,San Antonio
Apurimac,19 de junio,Pacucha,Sóndor Raymi
Apurimac,25 de abril,Antabamba (Apurímac),Fiesta de San Marcos
Apurimac,24 de junio,Apurímac,Fiesta de San Juan
Apurimac,29 de junio,Apurímac,Fiesta de San Pedro
Apurimac,25 de julio,Abancay,Fiesta de patrón de Santiago
Apurimac,28 de julio,"Andahuaylas, Tintay, Chalhuanca",Yawar Fiesta
Apurimac,31 de julio,Chalhuanca (Aymaraes),Fiesta del Señor de Animas
Apurimac,5 de agosto,"Aymaraes, Antabamba",Fiesta de la Virgen de las Nieves
Apurimac,15 de agosto,Grau y Cotabambas,Fiesta de la Virgen de la Asunción
Apurimac,8 de setiembre,"Abancay, Andahuaylas",Fiesta de la Virgen de Cocharcas
Apurimac,3 de noviembre,Andahuaylas,"Peregrinación al santuario del Señor
del Huanca del cerro Campanayoc"
Apurimac,24 de setiembre,Antabamba,Fiesta de Nuestra Señora de las Mercedes
Apurimac,7 de octubre,Abancay,Fiesta de la Virgen del Rosario
Apurimac,3 de noviembre,Abancay,Aniversario de la ciudad
Apurimac,8 de diciembre,Cotabambas,Fiesta de la Virgen de la Concepción
Apurimac,25 de diciembre,Todo el departamento,Navidad
Arequipa,6 de enero,Tiabaya,"Bajada de los Reyes y sacudimiento de los
perales"
Arequipa,20 de enero,"San Juan de Sihuas, Condesuyos","Condesuyos Fiesta del Señor de la
Sentencia"
Arequipa,1-4 de febrero,Caravelí,Fiesta de la Virgen del Buen Paso
Arequipa,19 de febrero,Diversas provincias de la región,Fiesta de la Virgen de la Candelaria
Arequipa,Febrero,Toda la región,Carnavales
Arequipa,Marzo,Toda la región,Semana Santa
Arequipa,1 de mayo,"Distrito de Polobaya, Arequipa","Fiesta y peregrinación al Santuario
de la Virgen de Chapi"
Arequipa,1-3 de mayo,Toda la región,Fiesta de las cruces
Arequipa,15 de mayo,Diversas provincias de Arequipa,Fiesta de San Isidro Labrador
Arequipa,24 de junio,"Distrito de Yanahuara, Arequipa",Fiesta de San Juan Bautista
Arequipa,27 de julio,Tiabaya,Fiesta de la Virgen del Perpetuo Socorro
Arequipa,24 de julio,"Distrito del Characato, Arequipa",Peleas de toros
Arequipa,14-17 de julio,Diversas provincias de la región,Fiesta de la Virgen del Carmen
Arequipa,3 de agosto,Arequipa,Procesión del Paso
Arequipa,6 de agosto,Arequipa,Fiesta del del Señor de la Caña
Arequipa,1° semana de agosto,Valle del Colca,Tinca del ganado y limpia de acequias
Arequipa,1° semana de agosto,Arequipa,Procesión del Paso
Arequipa,15 de agosto,Arequipa,"Aniversario de la ciudad, semana turística
de Arequipa"
Arequipa,15 de agosto,Diversas provincias de Arequipa,Fiesta dela Virgen de la Asunta
Arequipa,8 de setiembre,Castilla,Fiesta de la Virgen de las Peñas
Arequipa,12-14 de octubre,Moquegua,Festividad de Santa Fortunata
Arequipa,1 de noviembre,Arequipa,"Fiesta de las guaguas y mazapanes por el Día
de los Santos"
Arequipa,2 de noviembre,"Distrito de cayma, Arequipa","Procesión de huesos por el Día
de los Difuntos"
Arequipa,8 de diciembre,Diversas provincias de Arequipa,Fiesta de la Inmaculada Concepción
Arequipa,25 de diciembre,Toda la región,Fiestas de Navidad
Ayacucho,2 de enero,Huamanga (Ayacucho),"Adoración del Niño y danzas de
la huaylijía y de huera"
Ayacucho,2-9 de enero,Huamanga,Bajada de Reyes
Ayacucho,20 de enero,Huamanga,Fiesta de San Sebastián
Ayacucho,2-14 de febrero,Ayacucho,Fiesta de la Virgen de la Candelaria
Ayacucho,Febrero,Ayacucho,Carnavales
Ayacucho,14 de febrero,Huamanga,"Escenificación del fusilamiento de María
Parado de Bellido"
Ayacucho,01 de mayo,Lucanas,Fiesta Patronal del Señor de Untura
Ayacucho,01 – 06 de mayo,"Huanta, La Mar, Lucanas",Fiesta de las Cruces
Ayacucho,16 de mayo,Ayacucho,Fiesta de la Virgen de Fátima
Ayacucho,06 de junio,Huamanga,Fiesta de San Juan
Ayacucho,16 de junio,Huamanga,Corpus Christi
Ayacucho,18 de julio,Páucar del Sara Sara,Fiesta de la Virgen del Carmen
Ayacucho,25-28 de julio,Páucar del Sara Sara,Fiesta patronal de Santiago
Ayacucho,28 de julio,Huamanga,"Fiestas, Patrias, Toros y waqrapukus"
Ayacucho,29 de julio-5 de agosto,Parinacochas,Fiesta de la virgen de las Nieves
Ayacucho,Julio o agosto,"Cangallo, Huanta, Víctor Fajardo","Ritual de la herranza o marcación del
ganado"
Ayacucho,15 de agosto,"Cangallo, Víctor Fajardo, Castrovirreyna",Fiesta de la Virgen de la Asunción
Ayacucho,21-27 de agosto,Lucanas,Procesión de San Isidro Labrador
Ayacucho,24 de agosto,Cangallo,Fiesta de San Bartolomé
Ayacucho,26-30 de agosto,La Mar,Fiesta patronal de San Miguel
Ayacucho,7 de diciembre,Huamanga,Fiesta de la Virgen de Cocharcas
Ayacucho,8-9 de setiembre,Lucanas,Yarqa asi o limpieza de acequias
Ayacucho,12 al 16 de setiembre,Huamanga,Fiesta del Señor de Quinuapata
Ayacucho,14 de setiembre,Lucanas,Fiesta de agua
Ayacucho,24 de setiembre,Cangallo,Fiesta de la Virgen de las Mercedes
Ayacucho,4 de octubre,Parinacochas,Fiesta patronal de San Francisco
Ayacucho,1 de noviembre,Huamanga,Celebración de Todos los Santos
Ayacucho,7 de noviembre,Ayacucho,Día del folclor ayacuchano
Ayacucho,8-10 de diciembre,"Huamanga, Ayacucho","Aniversario de la batalla de Ayacucho y danza
del tusuy y nichik"
Ayacucho,8 de diciembre,"Huamanga, Sucre",Fiesta de la Inmaculada Concepción
Cajamarca,20 de enero,Cajamarca,Festival de San Sebastián
Cajamarca,15-21 de febrero,Cajamarca,Fiestas de carnavales
Cajamarca,Marzo-abril,"Áncash, Cajamarca",Semana Santa
Cajamarca,27 de abril,Tayabamba,Fiesta de Santo Toribio de Mogrovejo
Cajamarca,1 de mayo,Cajamarca,Fiesta de San José Obrero
Cajamarca,3 de mayo,"Cajabamba, Celendín, Chota, San Pablo",Fiesta de las Cruces
Cajamarca,15 de mayo,"Contumazá, Chota, San Marcos",Fiesta de San Isidro Labrador
Cajamarca,Junio,"Huancabamba, Cajamarca",Corpus Christi
Cajamarca,10 de junio,Celandín,El Padre Eterno
Cajamarca,16 de junio,Contumazá,Fiesta de la Santísima Trinidad
Cajamarca,24 de junio,"Chota, Cutervo, San pablo, Pallasca, Huánuco",Fiesta de San Juan
Cajamarca,29 de junio,Cajamarca,San Pedro y San Pablo
Cajamarca,6 de julio,Chota (Lajas),Festividad de San Antonio
Cajamarca,10 de julio,Chota (Chimbán),San Pedro
Cajamarca,16-22 de julio,"Cajabamba, Celendín, Hualgayoc",Fiesta de la Virgen del carmen
Cajamarca,25 de julio,San marcos (Paucamarca),Fiesta patronal de San José
Cajamarca,25 de julio,"Cajamarca, Chota",Fiesta del Apóstol Santiago
Cajamarca,4° semana de julio,Cajamarca,Feria agropecuaria
Cajamarca,28 de julio,Contumazá,Fiesta del Apóstol Santiago
Cajamarca,31 de julio,San Ignacio,Fiesta patronal de San Ignacio de Loyola
Cajamarca,3 de agosto,Cajamarca,Día de los Niños
Cajamarca,15 de agosto,Chota,La Virgen de Asunción
Cajamarca,20 de julio,Contumazá,Aniversario de la provincia
Cajamarca,28 de agosto,Celendín (Oxamarca),Fiesta de San Agustín
Cajamarca,15 de agosto,Chota,La Virgen de Asunción
Cajamarca,28 de agosto,Celendín (Oxamarca),Fiesta de San Agustín
Cajamarca,1 de setiembre,Hualgayoc,La Virgen del Carmen
Cajamarca,4 de setiembre,Chota,Fiesta de San Francisco
Cajamarca,8 de setiembre,Baños del Inca,Fiesta del Wanchaco
Cajamarca,11-15 de setiembre,Jaén,Feria del señor de Huamantanga
Cajamarca,14 de setiembre,Chota,Festividad de la Virgen Dolorosa
Cajamarca,29 de setiembre,San Miguel,Fiesta patronal de San Miguel Arcángel
Cajamarca,1 de octubre,San Ignacio (Chirinos),La Virgen del Rosario
Cajamarca,4 de octubre,Contumazá,Fiesta de Santa Teresita
Cajamarca,12 de octubre,Contumazá,San Francisco de Asís
Cajamarca,18 de octubre,Cajamarca,El Señor de los Milagros
Cajamarca,25 de octubre,San Marcos,Fiesta Patronal de San Marcos
Cajamarca,28 de octubre,Contumazá,Fiesta de la Virgen del Rosario de Chiquinquirá
Cajamarca,1 de noviembre,"Cajamarca, Áncash, la Libertad, Piura",Fiesta de Todos los Santos
Cajamarca,8 de diciembre,"Cajabamba, Celendín",Fiesta de La Purísima
Cajamarca,10 de diciembre,"Cajamarca, Áncash",Fiesta de la Inmaculada Concepción
Cajamarca,24 de diciembre,Todo el departamento,Navidad
Cajamarca,27 de diciembre,Contumazá,Fiesta de la Virgen del Arco
Cajamarca,31 de diciembre,San Miguel (Nanchoc),Festividad de San Silvestre
Cusco,03 de enero,Provincia de Cusco,Fiesta del Señor del Calvario
Cusco,06 de enero,"Anta, Ollantaytambo",Bajada de los Reyes Magos
Cusco,20 de enero,Canas,Enfrentamiento ritual o Chiaraqe
Cusco,20 de enero,Toda la región,Fiesta de San Sebastián
Cusco,03 de febrero,"Barrio de San Blas, ciudad del Cusco",Fiesta del Dulce Nombre de Jesús
Cusco,Febrero (móvil),Toda la región,Carnavales
Cusco,Marzo-abril (móvil),Toda la región,Semana Santa
Cusco,1 de mayo,Toda la región,Cruzvelacut o fiesta de la cruz
Cusco,Mayo (móvil),Cusco,Festival Internacional de la cerveza Cusqueña
Cusco,Mayo-junio (móvil),Ocongate,"Fiesta y peregrinación del Señor
de Qoyllur Rit’ i"
Cusco,1 quincena de junio,"Cusco, Sacsayhuamán",Fiesta del Corpus Christi
Cusco,24 de junio,Ollantaytambo,Fiesta de Ollantay Raymi
Cusco,16 de julio,"Cusco, Sacsayhuamán",Fiesta del Inti Raymi
Cusco,24 de junio,Paucartambo,Fiesta de la Virgen del Carmen
Cusco,31 de julio,Diversas provincias,Fiesta del bautizo del ganado
Cusco,Agosto (móvil),Cusco,Huarachikuy
Cusco,04 de agosto,Ollantaytambo,Fiesta de Nuestra Señora de las Nieves
Cusco,30 de agosto,Toda la región,Fiesta de Santa Rosa
Cusco,08 de setiembre,Urubamba (Chinchero),Fiesta de la Virgen de la Natividad
Cusco,Octubre (móvil),Cusco,Semana Turística del Cusco
Cusco,01 – 02 de noviembre,Toda la región,"Festividad de Todos los Santos y Día
de los Difuntos"
Cusco,08 de diciembre,Toda la región,Fiesta de la Inmaculada Concepción
Cusco,18 de diciembre,Cusco,Fiesta de San Blas
Cusco,24 de diciembre,Cusco,Santuranticuy
Cusco,31 de diciembre,"Quiquijana, Quispicanchis",Fiesta del Niño Huayna Cápac
Huancavelica,1 de enero,"Huancavelica, Huaytará","El Niño Callaucarpino y danzas. Danza
de los Negritos."
Huancavelica,1-8 de enero,Tayacaja,Año Nuevo.
Huancavelica,6 de enero,Huancavelica,"Bajada de Reyes, Herodes en la Catedral, pastores
y quiscamayos. El Niño Occe."
Huancavelica,13 de enero,Huancavelica,Entrada de «Negros».
Huancavelica,13-16 de enero,Huancavelica (Iglesia de Santo Domingo),El Niño Perdido y Danza de los Negros.
Huancavelica,20 de enero,Tayacaja,La Virgen Purísima Inmaculada.
Huancavelica,2 de febrero,Huaytará,La Virgen Purificada. Virgen de la Candelaria.
Huancavelica,2-6 de febrero,Huancavelica,Mamacha Candelaria.
Huancavelica,5 de febrero,Huancavelica,Danza de los Negritos.
Huancavelica,10-15 de febrero,Huancavelica,Carnaval de Putaqa.
Huancavelica,Movible,Angaraes,Carnaval y Tumbamonte.
Huancavelica,18-25 de marzo,Acobamba,Fiesta Patronal de la Virgen del Carmen.
Huancavelica,19 de marzo,Huaytará,San José.
Huancavelica,Movible (marzo o abril),Huancavelica,"Domingo de Ramos: Procesión del Señor
Salvador. Lunes Santo: Procesión del Señor
del Prendimiento. Martes Santo: Procesión
del Señor de los Azotes."
Huancavelica,26 de abril,Huancavelica,"Creación política de Huancavelica
(1822)."
Huancavelica,28 de abril,Huancavelica,"Restitución de su Categoría de
Departamento (1839)."
Huancavelica,1-6 de mayo,Huancavelica,Fiesta de las Cruces.
Huancavelica,3 de mayo,"Castrovirreyna, Huaytará, Tayacaja","Fiesta de la Cruz. Fiesta del Tres de Mayo.
Bajada de la Cruz del Cerro San Cristóbal."
Huancavelica,5 de mayo,Huaytará,La Virgen del Carmen.
Huancavelica,15 de mayo,Huaytará,San Isidro.
Huancavelica,28 de mayo,Huancavelica,El Espíritu Santo.
Huancavelica,Movible,Huancavelica,El Señor de Quechccamarca.
Huancavelica,Movible (mayo o junio),Huancavelica,Papa Allay.
Huancavelica,13 de junio,Huaytará,San Antonio de Padua.
Huancavelica,24 de junio,"Huaytará, Castrovirreyna",San Juan Bautista.
Huancavelica,9 de julio,Huaytará,Fiesta Patronal de San José.
Huancavelica,16 de julio,"Huancavelica, Huaytará",Fiesta Patronal de la Virgen del Carmen.
Huancavelica,23-26 de julio,"Tayacaja, Huancavelica",Fiesta Patronal de Taita Shanti. Santiago.
Huancavelica,24-30 de julio,"Huancavelica, Huaytará",Fiesta Patronal de Santiago.
Huancavelica,25 de julio,"Huancavelica, Huaytará, Tayacaja","Santiago – Taita Shanti. Fiesta Patronal de
San Felipe."
Huancavelica,26 de julio,Huaytará,Santa Ana.
Huancavelica,Agosto,Castrovirreyna,Festividad de Santo Domingo.
Huancavelica,4-15 de agosto,Huancavelica,"Fundación española de la capital
de Huancavelica (1572) con el nombre de Villa
Rica de Oropesa."
Huancavelica,15 de agosto,Huaytará,Virgen de la Asunción.
Huancavelica,16 de agosto,Huancavelica,Festividad de San Roque.
Huancavelica,30 de agosto,"Huancavelica, Huaytará",Santa Rosa.
Huancavelica,Santa Rosa.,Huancavelica,Biga Wantuy / Qiru Wantuy.
Huancavelica,11-14 de setiembre,Castrovirreyna,El Señor de Huayllay.
Huancavelica,14 de setiembre,Tayacaja,Fiesta de la Santa Cruz.
Huancavelica,24 de setiembre,Huaytará,La Virgen de las Mercedes.
Huancavelica,Cuarta semana,Huancavelica,Semana Turística.
Huancavelica,29 de setiembre,Huaytará,Arcángel San Miguel y San Miguel de Curis.
Huancavelica,Todo el mes,Huancavelica,Turu Watay.
Huancavelica,2 de octubre,Huaytará,San Francisco de Asís.
Huancavelica,3 de octubre,Tayacaja,San Francisco.
Huancavelica,4 de octubre,Huaytará,"San Francisco de Asís. San Francisco
de Macho Cruz"
Huancavelica,15 de octubre,Huaytará,Fiesta de Octubre.
Huancavelica,2 de noviembre,Huancavelica,Día de las Almas.
Huancavelica,3 de noviembre,Huaytará,Fray Martín de Porres.
Huancavelica,8 de diciembre,Huaytará,La Virgen Purísima Inmaculada.
Huancavelica,20-25 de diciembre,Huaytará,Invención del Niño Jesús.
Huancavelica,23 de diciembre,Acobamba,"Navidad (encuentro de los barrios y entrada
de nacimientos en baúles)."
Huancavelica,24-25 de diciembre,Huancavelica,El Niño Lachoj.
Huancavelica,25 de diciembre,"Huancavelica, Huaytará",Navidad. Nacimiento del Niño Jesús.
Huancavelica,25 de diciembre – 3 de enero,Huaytará,Año Nuevo.
Huancavelica,31 de diciembre – 4 de enero,Tayacaja,Danza de Tijeras.
Huanuco,6 de enero,Huánuco,Danza de los Negritos
Huanuco,20 de enero,Huánuco,Festividad de San Sebastián
Huanuco,24 de enero,Humalíes,"Aniversario de la incorporación de la
provincia a Huánuco"
Huanuco,Febrero (movible),Huánuco,Carnavales
Huanuco,Marzo-Abril (movible),Todo el departamento,Semana Santa
Huanuco,01 de mayo,Ambo (San Rafael),Festividad del Señor de Chacos
Huanuco,01 al 07 de mayo,Lauricocha (Baños),"Festividad patronal del Señor de Mayo
y Semana Turística"
Huanuco,24 de junio,Leoncio Prado y Puerto Inca,Fiesta de San Juan
Huanuco,16 de julio,Ambo y Huamalíes (Llata),Festividad de la Virgen del Carmen
Huanuco,22 al 29 de julio,Leoncio Prado (Rupa Rupa),Fiesta de Tingo maría
Huanuco,27 de julio,Dos de mayo (Huánuco Pampa),Fiesta del Sol
Huanuco,15 de agosto,Huánuco,"Aniversario de la Fundación Española
y semana Turística de Huánuco"
Huanuco,30 de agosto,Ambo (Ambo y Tomayquichua),Festividad patronal de Santa Rosa de Lima
Huanuco,24 de setiembre,Marañón,Fiesta de la Virgen de las Mercedes
Huanuco,29 de setiembre,Ambo (Huácar),Festividad Patronal de San Miguel Arcángel
Huanuco,12 al 18 de octubre,Leoncio prado (Rupa Rupa),"Aniversario (fecha central 15 de octubre) y
Semana Turística de Tingo maría"
Huanuco,21 de octubre,Ambo,"Aniversario de la creación política
de Ambo"
Huanuco,27 al 30 de octubre,Huánuco,Festividad del Señor de Burgos
Huanuco,20 al 29 de octubre,Humalíes (Tantamayo),Semana Turística
Huanuco,05 al 12 de noviembre,Dos de Mayo (La Unión) y Huamlíes),Semana Turística
Huanuco,09 al 16 de noviembre,Ambo,"Aniversario de su fundación y Semana
Turística"
Huanuco,20 al 29 de noviembre,Pachitea (Panao),Semana Turística
Huanuco,21 al 24 de noviembre,Aucayacu,Aniversario de la ciudad
Huanuco,26 al 30 de noviembre,Pachitea (Panao),Aniversario y Semana Turística
Huanuco,24 de diciembre,Huánuco,Cofradía de negritos
Huanuco,31 de diciembre,"Ambo (Ambo, comunidad de Cochaquillo)",Festividad de San Silvestre
Huanuco,25 de diciembre,Huánuco,Fiesta de los Negritos
Ica,6 de enero,Chincha,Fiesta de los Reyes Magos
Ica,6 de enero,"El Carmen, Grocio Prado",Fiesta de cumpleaños de la Beatita Melchorita
Ica,Segunda semana,Chincha,Fiesta y danza de los Negritos
Ica,Tercera y cuarta semana,Chincha (Pueblo Nuevo y Alto Larán),Semana Turística y Aniversario del distrito
Ica,23 de enero,Nazca,Aniversario de la provincia
Ica,5 de febrero,Tambo de Mora,Aniversario del distrito
Ica,Febrero,ca,Fiesta de los carnavales de la Candelaria
Ica,13-15 de febrero,Ica (Huacachina),Fiesta de la Sirena
Ica,Última semana,Chincha,Festival de Verano negro
Ica,8-18 de marzo,Ica,Festival Internacional de la Vendimia
Ica,Movible (abril),Ica,Jueves Santo
Ica,Fechas diversas (mayo),Todo Ica,Fiesta de las Cruces
Ica,Segunda semana (mayo),Chincha e Ica,Semana Nacional del Pisco
Ica,08 de junio,Pisco (San Clemente),Aniversario del distrito
Ica,21 de junio,Pisco (Humay),Romería a la Beatita de Humay
Ica,29 de junio,Chincha (Tambo de Mora),Fiesta de San Pedro
Ica,Segunda quincena de julio,Nazca,Semana Turística
Ica,04 de agosto,Chincha,Fiesta de Santo Domingo de Guzmán
Ica,15 de agosto,Palpa,"Festival de la Naranja y Fiestas Patronales
de la Virgen del Socorro"
Ica,28 de agosto,Chincha (El Carmen),Semana Turística y aniversario del distrito
Ica,1-12 de setiembre,Nazca,Fiesta patronal de la Virgen de Guadalupe
Ica,Primera semana,Pisco,"Conmemoración del desembarco de la Expedición
Libertadora y Semana Turística"
Ica,Última semana,Ica,Semana turística de la ciudad
Ica,Última semana,Ica (Yauca del Rosario),"Peregrinación de la Virgen de Yauca del
Rosario"
Ica,Primer domingo de octubre,Ica (Yauca del Rosario),La Virgen del Rosario
Ica,Primer jueves y tercer lunes de octubre,Ica,Festividad del Señor de Luren
Ica,08 de octubre,Nazca,Fiesta de la Virgen de Guadalupe
Ica,13 de octubre,Chincha (Chincha Alta),Día cívico del distrito
Ica,20 de octubre,Chincha (Baja),Día cívico del distrito
Ica,Última semana,Chincha,"Semana Turística y aniversario de la
provincia"
Ica,01 de noviembre,Todo el departamento,Fiesta de Todos los Santos
Ica,21 de noviembre,Pisco (Humay),"Romería al santuario de la Beatita de
Humay"
Ica,22 de noviembre,Pisco,Aniversario de la villa de Pisco
Ica,04 de diciembre,Chincha (Grocio Prado),Aniversartio de la muerte de la Beata Melchorita
Ica,07 de diciembre,Chincha (Grocio Prado),Aniversario del distrito y semana turística
Ica,08 de diciembre,Nazca,Fiesta de la Concepción
Ica,12 de diciembre,Nazca,Fiesta de la Concepción
Ica,12 de diciembre,Chincha (Sunampe),Fiesta de la Virgen de Guadalupe
Ica,22 de diciembre,Chincha (Sunampe),Aniversario del distrito
Ica,25 de diciembre,Ica,Paseo de los Negritos
Ica,26 de diciembre,Chincha,Navidad Negra
Ica,27 de diciembre,Chincha,Festividad de la Virgen del Carmen
Ica,28 de diciembre,Chincha (Topará),Fiesta de la Virgen de Topará
Junin,01 de enero,"Huancayo, Chupaca, Jauja, Concepción","Fiesta del Niño Jesús, Danzas
de la pachahura o negrería, del corcovado,
del latashauquish, del chacranegro, de la huaconada,
de la huaylijía y tunantada, Jesús
Salvador y Danza de los viejos principales."
Junin,01-02 de enero,Huancayo,San Sebastián.
Junin,01-03 de enero,"Huancayo, Chupaca, Jauja","Danza de los Negritos, Danza del corcovado,
El Señor de Paca, Danza de la huaylijía."
Junin,01-05 de enero,Jauja,Fiesta Patronal de San Fabián.
Junin,06 de enero,Jauja,"Bajada de Reyes, danza del chacranegro y la
huaripampeada, Pascua de Reyes y danza de la huaylijía."
Junin,06-30 de enero,"Jauja, Valle del Mantaro","Bajada de Reyes. Fieta del Niño Jesús
y Danza del Concorvado."
Junin,11 de enero,"Concepción, Huancayo, Jauja","La Virgen de Lourdes, Santa Teresita, Fiesta
del Niño Jesús."
Junin,18-20 de enero,Jauja,"Fiesta de la tunantada y el 20/01 ejecución
del jalapato."
Junin,20 de enero,"Concepción, Huancayo, Jauja","San Sebastián, San Fabián. Fiesta
de Copone y Vaso Sagrado. Los Negritos. Chonguinada
y Huacón."
Junin,20-25 de enero,Concepción,"San Sebastián, San Fabián. Fiesta
de Copone y Vaso Sagrado. Los Negritos. Chonguinada
y Huacón."
Junin,20-29 de enero,Jauja,Festival de la Tunantada.
Junin,23 de enero,Jauja,Fiesta Patronal de San Sebastián.
Junin,25 de enero,"Concepción, Jauja, Huancayo","Fiesta del Niño Jesús, Avelinos.
El Señor de Paca. Santa Teresita."
Junin,28 de enero,Chupaca,Fiesta de la Capilla del Copón.
Junin,30 de enero,Huancayo,Taita Niño (Zumbanacuy sangriento).
Junin,Último domingo,Huancayo,"El Taita Niño de Huayucachi y estampa
costumbrista de los chinchillpos y gamonales."
Junin,Febrero,Todo Junín,Carnavales.
Junin,2 de febrero,"Concepción, Huancayo, Jauja","Fiesta de la Virgen de la Candelaria. «Cortamonte»,
Danza de la pandilla. Campña de la Breña.
El Macchu y la Paya. chinchillpos y gamonales."
Junin,7 de febrero,"Huancayo, Concepción","Carnaval, danza de Huaylash. Jalapato y pachahuara.
Virgen de la Candelaria."
Junin,10 de febrero,"Jauja, Chupaca, Huancayo y Concepción,
Tarma","Compadres y Comadres – Pachahuara. Nuestra Señora
de Lourdes. Fiesta de la Fajina. Fiesta de la
Calixtrada y Festival de mulizas. Ritual de la
«herranza»."
Junin,20-28 de febrero,Jauja,Señor de las Ánimas y perenigración.
Junin,27-29 de febrero,"Concepción, Huancayo, Jauja","Concurso de baile de huaylarsh, Tacanacuy. El
Señor de Paca, Taita Cruz Espinas y Carnaval.
El Señor de Ánimas de Paca, juego
de «comadres». La Cruz Verde y chalanes."
Junin,Marzo,Tarma,Feria de Tarma.
Junin,1 de marzo,"Jauja, Huancayo","Señor de las Ánimas. Fiesta de
Carnaval y concurso de huaylarsh. Fiesta de comadres
y carnaval."
Junin,3 de marzo,"Concepcion, Jauja, Chupaca","Fiesta civica, heroismo de las hermanas Toledo
(1821). Fiesta agricola y de carnaval. Fiesta
de San Jose. Señor de Tacuna y Señor
de Tantalcucho. Celebracion del Dia Mundial del
Artesano. Fiesta de la Virgen de la Encarnación."
Junin,22-30 de marzo,Tarma,Fiesta del Señor de Muruhuay.
Junin,Abril,Chupaca,Morenada.
Junin,1-30 de abril,"Huancayo, Jauja","Huaylarsh, Octava de Carnaval. Fiesta Patronal."
Junin,"Semana Santa. Domingo de Ramos. Jueves-Viernes
Santo. Pascua de Resurreccion. Domingo de Resurreccion.","Tarma, Jauja, Huancayo","Procesiones. Procesion de Jesus y bendicion
del maiz y del trigo. Procesion de Cristo. Fiesta
Civica de la majtada o Tropa de Caceres. Procesion
de la Virgen Dolorosa. Danza de la Pandilla. Procesion
de Cristo Resucitado."
Junin,18-20 de abril,"Huancayo, Chupaca",Aniversario de la batalla de Carato.
Junin,22 de abril,Huancayo,Aniversario heroes de Sicaya.
Junin,22-30 de abril,"Tarma, Jauja","Señor de Muruhuay. Aniversario de la
fundacion española de Jauja (1534)."
Junin,1 de mayo,Huancayo,La Virgen de Chapi.
Junin,1-4 de mayo,Junín,Festividad del Señor de Mayo.
Junin,1-31 de mayo,Tarma,Peregrinación del Señor de Muruhuay.
Junin,1 de mayo,Jauja,Danza de la Jija.
Junin,2 de mayo,"Huancayo, Jauja","La Virgen de Chapi. Taita Wali y Danza de la
Pandilla. Taita Mayo y Danza de la Jija."
Junin,2-6 de mayo,"Huancayo, Jauja","Virgen Maria. San Jose. Festividad del señor
de la Agonía, cortamonte y danza de la
pandilla."
Junin,3-8 de mayo,"Huancayo, Jauja",Danza de Shapish. Fiesta agricola de Jija.
Junin,4 de mayo,Huancayo,San Cristobal y Taita Mayo.
Junin,5 de mayo,"Jauja, Satipo",Aramachay. Huancadanza. San Martin.
Junin,6 de mayo,"Satipo, Tarma, Concepcion","Fiesta Patronal de San Martin de Porres. Señor
de Mayo. Heroinas Toledo, Virgen Maria."
Junin,10 de mayo,"Jauja, Huancayo, Chupaca","Jija. La Virgen del Carmen. Caña Quinto,
Danza de la Caña. Shapish Danza."
Junin,12-13 de mayo,"Junín, Huancayo, Yauli","Fiesta de las cruces. La Virgen de Fatima. San
Antonio de Padua."
Junin,13-15 de mayo,Jauja,Matahuasi. San Isidro Labrador.
Junin,15-16 de mayo,Jauja,"Fiesta del Niño Jesus. Huaripata. San
Isidro."
Junin,22 de mayo,"Jauja, Chicche",El Señor Anima Paca y Danza de la Pandilla.
Junin,24 de mayo,Jauja,Taita Cruz de Mayo y Danza de la Pandilla.
Junin,25 de mayo,"Jauja, Huancayo, Tarma","La Virgen del Rosario y Danza de la Capitania.
Señor del Mercado. Santa Elena y la Virgen
de la Asuncion."
Junin,26 de mayo,Concepcion,El Señor de Muruhuay.
Junin,26-28 de mayo,Huancayo,Fiesta de las Cruces.
Junin,27 de mayo,Huancayo,"Señor de la Exhaltacion. Fiesta del Señor
Chinvan."
Junin,29-30 de mayo,Huancayo,El Señor de Chilca.
Junin,1 de junio,"Jauja, Huancayo",Fiesta de Matahulo. Fiesta del Padre Eterno.
Junin,2 de junio,Jauja,Las Cruces Barrios y Danza de la Pandilla Toril.
Junin,3-5 de junio,Huancayo,"Feria Agropecuaria Artesanal. Tayta Padre. La
Santisima Trinidad."
Junin,8 de junio,Huancayo,San Pedro y San Pablo.
Junin,9-11 de junio,Huancayo,Fiesta del Padre Eterno y danza de la chonginada.
Junin,13 de junio,"Jauja, Yauli, Huancayo, Concepcion","La Santisima Cruz de Mayo y danza de la tunantada.
San Antonio de Padua y Danza de la Pandilla. San
Antonio de Ocopa. Taita Padre. La Santisima Trinidad.
Virgen de las Mercedes."
Junin,16-20 de junio,Jauja,"Festividad del Señor de Paca, Danza de
Negritos y Cortamonte. Corpus Christi y Danza
de la Pandilla."
Junin,22-30 de junio,"Huancayo, Chupaca, Junin, Tarma","San Juan Bautista. Feria Artesanal del Centro.
San Pedro de Saño."
Junin,26 de junio,Huancayo,"Huanconada, Huaylarsh y Chonguinada."
Junin,28 de junio,"Huancayo, Concepcion, Chupaca, Tarma, Junin,
Jauja","La Virgen del Perpetuo Socorro. San Pedro. El
Señor de Chilca. Llamichada."
Junin,1 de julio,"Huancayo, Chupaca",San Juan Bautista.
Junin,2 de julio,Tarma,Fiesta patronal de San Pedro de Cajas.
Junin,2-30 de julio,Concepcion,La Virgen de Ocopa.
Junin,5-30 de julio,Huancayo,Fiesta Patronal Central (25 de julio).
Junin,6 de julio,Huancayo,Fiesta patronal de San Pedro.
Junin,9 de julio,"Concepcion, Huancayo, Jauja","Campaña de la Breña. El Señor
de las Animas de Paca y Danzas del Jaljapacuy
y de la Pandilla. San Isidro."
Junin,10 de julio,Concepción,"Danza de los Auquis o Viejitos. La Virgen del
Carmen. San Isidro."
Junin,22 de julio,Jauja,"Fiesta de María Magdalena y Danza de
la Tunantada."
Junin,23 de julio,Concepcion,Virgen de la Magdalena.
Junin,24 de julio,"Huancayo, Chupaca",Santiago.
Junin,24-30 de julio,"Huancayo, Chupaca, Jauja","La Virgen del Carmen o La Morenada. Fiesta de
Santiago."
Junin,25 de julio,"Jauja, Tarma",Fiesta Patronal de San Cristobal.
Junin,28 de julio,Todo Junín,Fiestas Patrias.
Junin,2 de agosto,"Concepcion, Jauja","Porciuncula en honor a San Francisco y a la
Virgen de Ocopa. Santa Ana y Danza de la Pandilla.
San Juan de Dios."
Junin,4 de agosto,"Jauja, Huancayo, Sicaya","Fiesta Patronal de la Virgen de las Nieves y
Danzas de la Jija y de la Tunantada. Santo Domingo
de Guzman."
Junin,4-15 de agosto,"Huancayo, Sicaya, Jauja","Fiesta de San Juan de Dios. La Virgen de las
Nieves y Danzas de la Pandilla y de la Tunantada."
Junin,6 de agosto,"Todo Junín, Jauja","Aniversario de la Batalla de Junín. Danza
de la Chuncada."
Junin,"7, 8, 9 y 10 de agosto","Huancayo, Jauja, Concepcion, Vicso, Aco","El Señor de la Caña. San Isidro.
Baile Chacareros. Cruz de Villa Sausa. La Ascension
del Señor. Cruz de Mayo."
Junin,10 de agosto,"Concepcion, Huancayo, Jauja","Fiesta de San Isidro. Fiesta de San Lorenzo,
Corrida de toros, Cortamonte y Danza de la Tunantada.
El Señor de la Agonia."
Junin,12 de agosto,"Concepcion, Santa Clara","2da. Quincena Chanchamayo. Semana Turistica
de San Ramon."
Junin,15 de agosto,"Concepcion, Jauja, Junin","La Virgen de la Asuncion y Danza de la Tunantada.
San Roque y la Virgen del Perpetuo Socorro."
Junin,16 de agosto,"Concepcion, Huancayo, Jauja","Fiesta Patronal de San Roque. Danza de los Avelinos,
Danzas de la Pandilla y de la Tunantada y toros.
3era. Sem. Huancayo San Jeronimo de Tunan."
Junin,22 de agosto,Jauja,"Festividad del Señor de la Agonía
y danza de la tunantada."
Junin,23 de agosto,Huancayo,"Fiesta patronal de San Roque. Fiesta Patronal
de San Agustin."
Junin,24 de agosto,Huancayo,San Bartolome. Santo Cristo.
Junin,28-31 de agosto,Todo Junin,Festividad de Santa Rosa de Lima.
Junin,30 de agosto,"Carhuamayo, Huancayo","Festividad de Santa Rosa y escenificación
de la muerte del Inca. San Roque."
Junin,Setiembre,"Huancayo, Jauja, Concepcion, Chanchamayo, Chupaca","Escenificacion de la prision del inca y Fiesta
de la Virgen de la Merced."
Junin,6 de setiembre,"Jauja, Huancayo","Fiesta Patronal y Danza de la Pandilla. Fiesta
de la Virgen de Cocharcas, danzas de chunchos
y pallas."
Junin,8 de setiembres,"Huancayo, Chupaca y Concepcion",Fiesta Patronal de San Isidro. Virgen de Cocharcas.
Junin,12 de setiembre,Jauja,"El Señor de la Agonia Marco y Danza de
la Pandilla."
Junin,15 de setiembre,Huancayo,"Fiesta del Quince. Fiesta Patronal de San Agustin.
Danza de la Pandilla. Festival de la Virgen de
Cocharcas."
Junin,15-18 de setiembre,"Jauja, Huancayo",La Virgen de la Natividad. San Cristobal.
Junin,17-26 de setiembre,"Huancayo, Jauja",Fiesta de la Virgen de la Merced.
Junin,18 de setiembre,"Huancayo, Chupaca",La Virgen de la Merced.
Junin,19 de setiembre,Chanchamayo,San Jeronimo.
Junin,23-24 de setiembre,Huancayo,"La Virgen de las Mercedes. 4ta. Semana: Semana
Turistica de Huancayo."
Junin,28-30 de setiembre,Concepcion,San Miguel Arcangel.
Junin,29 de setiembre,"Huancayo, Chupaca, Jauja, Junin, Tarma",Festival. San Miguel Arcangel.
Junin,30 de setiembre,"Huancayo, Jauja","Fiesta Patronal de San Jerónimo. Aniversario
de Jesus y Danza de la Pandilla."
Junin,1 de octubre,Junin,La Virgen del Rosario.
Junin,3-5 de octubre,Huancayo,Concurso Regional Folclórico.
Junin,4 de octubre,"Concepcion, Junin, Huancayo",San Francisco de Asis.
Junin,1° domingo de octubre,Jauja,"Fiesta de la Virgen del Rosario y Danza de la
Pandilla Jaujina."
Junin,1° martes y miercoles de octubre,Jauja,Mamita Chapetona y Danza de la Pandilla Jaujina.
Junin,11 de octubre,Huancayo,La Virgen del Pilar.
Junin,15 de octubre,"Concepcion, Jauja, Huancayo","San Francisco de Asis. Fiesta de la Virgen del
Rosario y Danzas del Jaljapacuy y de la Pandilla.
San Lucas."
Junin,18 de octubre,"Huancayo, Concepcion, Jauja, Tarma, Chupaca","Fiesta del Señor de los Milagros. San
Lucas."
Junin,20 de octubre,Jauja,La Virgen del Rosario.
Junin,21 de octubre,Jauja,"Creacion Politica de San Lorenzo y Danza de
la Pandilla."
Junin,23 de octubre,Jauja,"Creacion Politica de El Mantaro. Creacion Politica
de Llocllapampa y Danza de la Pandilla."
Junin,24 de octubre,"Huancayo, Jauja",San Francisco.
Junin,25 de octubre,Jauja,Fiesta de la Virgen Chapetona.
Junin,26 de octubre,Jauja,Creacion Politica de Muquiyauyo.
Junin,1 de noviembre,"Huancayo, Sicaya, Jauja","Juego del «tejo» o danza de la Pachahuara
o Negrería."
Junin,3 de noviembre,Concepción,Festividad de San Martín de Porres.
Junin,8 de diciembre,"Concepción, Huancayo, Chupaca, Junin",La Purisima Concepcion.
Junin,24 de diciembre,"Concepción, Jauja",Danza de los auquis o viejitos.
Junin,24-31 de diciembre,Jauja,Danza de la Pachahuara o Negreria.
Junin,25 de diciembre,Todo Junín,"Pascua de Navidad. Danzas: de la Pachahuara,
del Chacranegro, de Pastoras, de la Huaylijia,
del Huayqui, de los Negritos, de la Tunantada,
de Pastorcitos, del Corcovado, y de Chutos."
La Libertad,1 de enero,Ascope,Fiesta del Señor del Calvario
La Libertad,20 de enero,Chepén,Fiesta de San Sebastián
La Libertad,4° semana de enero,Trujillo,Festival Nacional de la Marinera
La Libertad,2 de febrero,Trujillo,Fiesta de la Virgen de la Candelaria
La Libertad,2-6 de febrero,Huamachuco,Fiesta de la Virgen del Socorro
La Libertad,13,Huanchaco,Festival de caballitos de totora y Olimplaya
La Libertad,2 marzo,Salaverry y Huanchaco,Festival de San Pedro
La Libertad,5 marzo,Trujillo,Fundación española
La Libertad,24 marzo,Pataz,Fiesta de Santo Toribio de Mogrovejo
La Libertad,13 de junio,Pataz (Taurija),San Antonio de Padua
La Libertad,24 de junio,Otuzco (Julcán),Fiesta de la Virgen del Rosario
La Libertad,29 de junio,"Huanchaco, San Pedro de Lloc",Fiesta de San Pedro y San Pablo
La Libertad,Primera semana de julio,Trujillo (Virú),El Señor de la Sangre
La Libertad,13 de julio,Santiago de Chuco,Fiesta de Santiago. Feria Regional
La Libertad,15 de agosto,Huamachuco,Fiesta de la Virgen de la Alta Gracia
La Libertad,26 de agosto,"Otuzco, Santiago de Chuco","Virgen de la Asunción, patrona de los
pueblos"
La Libertad,14 de setiembre,Otuzco,Fiesta Patronal del Señor de la Misericordia
La Libertad,20-30 de setiembre,Trujillo,Festival Internacional de la Primavera
La Libertad,4 de octubre,Huamachuco,San Francisco de Asís
La Libertad,27 de octubre,Pataz,Virgen del Rosario
La Libertad,1 de noviembre,La Libertad,Fiesta de Todos los Santos
La Libertad,8-15,Chepén,Semana Jubilar
La Libertad,24,Huanchaco,Bajada de la Virgen del Socorro de trujillo
La Libertad,3 de diciembre,Pacasmayo (Guadalupe),Festival de la Virgen de Guadalupe
La Libertad,8 de diciembre,Salaverry,La Inmaculado Concepción
La Libertad,14 y 15 de diciembre,Otuzco,Fiesta de la Virgen de la Puerta
La Libertad,29 de diciembre,Trujillo,Aniversario de la Independencia de Trujillo
Lambayeque,2 de enero,Lambayeque,San Pablito.
Lambayeque,6 de enero,Lambayeque,El Niño Dios de Reyes y los Reyes Magos.
Lambayeque,22 de enero,Eten,Festividad del Divino Niño del Milagro.
Lambayeque,Febrero,Lambayeque (Movible),Fiesta de la Purísima Concepcion.
Lambayeque,2 de febrero,Lambayeque,La Virgen de la Candelaria.
Lambayeque,4 de febrero,Lambayeque,Festividad de San Andrés Corsino.
Lambayeque,9 de febrero,Chiclayo,Fiesta de la Cruz de Chalpón.
Lambayeque,21-28 de febrero,Chiclayo,Festival del Arroz.
Lambayeque,Última Semana,Lambayeque,Festividad de la Virgen Viajera.
Lambayeque,14 de marzo,Monsefú,Fiesta del Señor Cautivo.
Lambayeque,18 de marzo,Chiclayo,San José Patriarca.
Lambayeque,19 de marzo,Chiclayo,Fiesta de San José.
Lambayeque,18 de abril,Chiclayo,"Aniversario de la Fundacion de Chiclayo. La
Virgen de los Dolores."
Lambayeque,25 de abril,Ferreñafe,Fiesta del Señor de la Justicia.
Lambayeque,1 de mayo,Chiclayo,La Cruz de Mayo.
Lambayeque,2 de mayo,Chiclayo,La Cruz Velacuy.
Lambayeque,3 de mayo,"Chiclayo, Eten",La Cruz de Mayo.
Lambayeque,4 de mayo,Chiclayo,Festividad de la Santísima Cruz de Ucupe.
Lambayeque,5 de mayo,Lambayeque,Festividad de la Cruz del Río.
Lambayeque,10 de mayo,Lambayeque,Festividad de la Cruz de Pañalá.
Lambayeque,15 de mayo,"Saña, Lambayeque",San Isidro Labrador.
Lambayeque,18 de mayo,Lambayeque,Festividad de la Cruz del Camal.
Lambayeque,29 de mayo,Eten,La Cruz de Mayo.
Lambayeque,Junio,Lambayeque (Movible),Corpus Christi.
Lambayeque,24 de junio,"Chiclayo, Lambayeque",San Juan.
Lambayeque,29 de juni,"Chiclayo, Lambayeque",San Pedro. San Pablo.
Lambayeque,30 de junio,Lambayeque,San Pablo.
Lambayeque,Última Semana,Olmos,Festival del Limón.
Lambayeque,1 de julio,Chiclayo,Fiesta de San Benito de Palermo.
Lambayeque,16 de julio,"Chiclayo, Ferreñafe, Lambayeque",Festividad de la Virgen del Carmen.
Lambayeque,22 de julio,Eten,Festividad del Divino Niño del Milagro.
Lambayeque,Última Semana,Chiclayo,"Feria de Exposiciones Típico-Culturales
de Monsefú (FEXTICUM)."
Lambayeque,2 de agosto,Chiclayo,Aniversario del distrito de Santa Rosa.
Lambayeque,4 de agosto,Lambayeque,Festividad de Santo Domingo.
Lambayeque,5 de agosto,Motupe,Fiesta de la Santísima Cruz de Chalpón.
Lambayeque,13 de agosto,Lambayeque,Festividad de San Roque.
Lambayeque,20 de agosto,Lambayeque,Fiesta de la Cruz de Yanahuanca.
Lambayeque,25 de agosto,Lambayeque,Fiesta de la Cruz de Chalpón.
Lambayeque,14 de setiembre,Chiclayo,Feria Patronal.
Lambayeque,16 de setiembre,Ferreñafe,Festividad de Santa Lucía.
Lambayeque,24 de setiembre,"Ferreñafe, Lambayeque",La Virgen de las Mercedes.
Lambayeque,4 de octubre,Lambayeque,San Francisco de Asís.
Lambayeque,18 de octubre,"Chiclayo, Lambayeque","Fiesta de Santa Rosa de Lima. El Señor
de los Milagros."
Lambayeque,25 de octubre,Ferreñafe,Festividad del Señor de la Justicia.
Lambayeque,1 de noviembre,Lambayeque,Fiesta de Todos los Santos.
Lambayeque,2 de noviembre,Eten,"Festividad Patronal del Señor de la Buena
Muerte."
Lambayeque,4 de noviembre,Chiclayo,Aniversario del Pueblo.
Lambayeque,Movible,Ferreñafe,San Martín de Porras.
Lambayeque,11 de noviembre,Chiclayo,Festividad de San Martín de Tours.
Lambayeque,18 de noviembre,Chiclayo,San Martín de Porras.
Lambayeque,25 de noviembre,Chiclayo,Santa Catalina.
Lambayeque,29 de noviembre,Saña,Fundación Española de Saña.
Lambayeque,1era. semana de diciembre,Chiclayo,Semana Turística de Chiclayo.
Lambayeque,8 de diciembre,"Chiclayo, Lambayeque",Fiesta de la Inmaculada Concepción.
Lambayeque,13 de diciembre,Ferreñafe,Santa Lucía.
Lima,1° semana de marzo,Lunahuaná,"Festival de la uva, el Vino y el canotaje"
Lima,3 de mayo,Lima,"Fiesta de las Cruces, Peregrinación al
Cerro San Cristóbal de Lima"
Lima,3 de mayo,Canta,Fiesta del Señor de Huamantanga
Lima,5 de mayo,Cañete,Festival del Pisco
Lima,29 de junio,"Chimbote,Chorrillos, Callao",Fiesta de San Pedro y San Pablo
Lima,22 de julio,Casma,Fiesta de maría Magdalena
Lima,25 de julio,Huarochirí,Fiesta del patrón Santiago
Lima,1° quincena de agosto,Nasca,Fiesta de la Naranja
Lima,30 de agosto,Lima,Fiesta de Santa Rosa de Lima
Lima,30 de agosto,Huarochirí,Escenificación de la muerte del inca
Lima,21-31 de agosto,Cañete,Semana de cañete y festival de arte negro
Lima,8 de setiembre,Canta,Festividad de la Virgen de Cocharcas
Lima,8 de setiembre,Yauyos,"Festividad de la Virgen Purísima y escenificación
de la muerte del Inca"
Lima,29 de setiembre,Cajatambo,"Escenificación de la muerte del Inca
y fiesta de San Jerónimo de CopaOctubre-noviembre Lima Temporada de toros en la
Plaza de Acho"
Lima,6.7 de octubre,Canta,Fiesta del Agua. Moros y cristianos
Lima,2° semana de octubre,Huarochirí,"Fiesta del Agua o Champería en San Pedro
de casta"
Lima,18-28 de octubre,Lima,Procesiones del Señor de los Milagros
Lima,31 de octubre,Lima,Día de la Canción Criolla
Loreto,5 de enero,Iquitos,"Aniversario del arribo al puerto de los buques
de la Marina de Guerra (el bergantín Próspero)"
Loreto,7 de febrero,7 de febrero,"Creación política del Departamento
Marítimo Militar de Loreto"
Loreto,13 de febrero,Iquitos,Fiesta de carnavales
Loreto,Domingo de Ramos,Iquitos,Procesión de Palmas
Loreto,5 de junio,Maynas,"San Antonio, danza de los cabezones"
Loreto,24 de junio,Región Amazónica,Fiesta de San Juan
Loreto,25-29 de junio,Iquitos,Fiesta de San Pedro y San Pablo
Loreto,16 de julio,16 de julio,Fiesta Patronal de la Virgen del Carmen
Loreto,Julio o agosto,Lamas,Fiesta de la Santa Cruz de los Motilones
Loreto,27-29 de julio,Requena,Feria Agropecuaria Artesanal de Jenaro Herrera
Loreto,4-15 de agosto,Yurimaguas,La Virgen de las Nieves
Loreto,30 de agosto,Loreto,Fiesta de los Chayahuitas
Loreto,8 de setiembre,Maynas,Nuestra Señora de la Natividad
Loreto,22-26 de setiembre,Iquitos,Santo Tomás
Loreto,1 de noviembre,Iquitos,Fiesta de los Telentenos y del Amana
Loreto,7-9 de diciembre,Loreto,Fiesta de la Inmaculada Concepción
Madre De Dios,23 de enero,Madre de Dios,Día de la artesanía
Madre De Dios,Febrero,Puerto Maldonado,Carnaval de Comparsas
Madre De Dios,Marzo-abril,Fecha movible,Semana Santa
Madre De Dios,1-6 de mayo,Madre de Dios,Fiesta de las Cruces Religiosas
Madre De Dios,3 de mayo,Madre de Dios,Fiesta de la Cruz
Madre De Dios,24 de mayo,Manu (comun. De Salvación),La Virgen de Chapi
Madre De Dios,24 de junio,Región Amazónica,Fiesta de San Juan (Caserío del Prado)
Madre De Dios,25-29 de junio,Tambopata (Puerto Maldonado),Fiesta de San Pedro y San Pablo
Madre De Dios,28-29 de junio,Madre de Dios,Fiesta del Caserío de Cachuela
Madre De Dios,20 de julio,Madre de Dios,Semana turística de Madre de Dios
Madre De Dios,26-30 de julio,Tambopata (Puerto Maldonado),"Feria agropecuaria, industrial y artesanal"
Madre De Dios,15 de agosto,Chachapoyas,Chachapoyas
Madre De Dios,17 de octubre,Madre de Dios,Feria de alimentos nativos y artesanía
Madre De Dios,6 de noviembre,,Fiesta de la comunidad nativa de Palma Real
Madre De Dios,26 de diciembre,Puerto Maldonado,"Aniversario de la creación política
 del departamento de Dios (1912)"
Moquegua,2 de febrero,Mariscal Nieto,Virgen de la Candelaria.
Moquegua,19 de febrero,Ilo,Semana Turística.
Moquegua,3 de abril,Moquegua,Aniversario del departamento.
Moquegua,1era. semana de mayo,Todo Moquegua,Fiesta de las Cruces.
Moquegua,15 de mayo,Mariscal Nieto,Fiesta de San Isidro Labrador.
Moquegua,26 de mayo,Ilo,Aniversario de la provincia.
Moquegua,5-6 de junio,Torata,Aniversario.
Moquegua,16 de julio,Ilo,Festividad de la Virgen del Carmen.
Moquegua,14 de octubre,Moquegua,Fiesta Patronal de Santa Fortunata.
Moquegua,8 de noviembre,Mariscal Nieto,Aniversario del distrito.
Moquegua,19 de noviembre,Moquegua,Fiesta de la Inmaculada Concepción.
Moquegua,25 de noviembre,Moquegua,"Aniversario de la provincia y Semana Turística
de Moquegua"
Moquegua,8 de diciembre,"Mariscal Nieto, General Sánchez Cerro",La Inmaculada Concepción.
Pasco,1 de enero,Cerro de Pasco,Danza de los Negritos.
Pasco,1-15 de enero,Pasco,Fiesta Patronal y Danza Patronal.
Pasco,Febrero o marzo (movible),Cerro de Pasco,Calixtrada. Carnaval y Festival de Mulizas.
Pasco,1-6 de mayo,Pasco,Fiesta de las Cruces.
Pasco,25-29 de junio,Pasco,Fiesta de San Pedro y San Pablo.
Pasco,24 de julio – 2 de agosto,Daniel Alcides Carrión,"Danzas de Chunchos y de Pallas y escenificación
de la muerte del Inca."
Pasco,26-29 de julio,"Oxapampa, Pozuzo",Semana Turística.
Pasco,4-15 de agosto,Pasco,La Virgen de las Nieves.
Pasco,30 de agosto,Oxapampa,Aniversario de la Fundación (1891).
Pasco,26-31 de agosto,Oxapampa,Semana Turística de Oxapampa.
Pasco,27 de noviembre,"Oxapampa, Villa Rica, Daniel Alcidez Carrión","Creación de Villa Rica (1944). Semana
Turística de Villa Rica y Torneo de Cintas.
Aniversario de D. Alcidez Carrión."
Pasco,7-10 de diciembre,Pasco,La Inmaculada Concepción.
Piura,1-15 de enero,Sullana,"Feria Internacional de Reyes y Festival de la
Canción (ferias de artesanía, concursos
folclóricos con participantes de Ecuador
y Colombia) Fecha central: 6."
Piura,6 de enero,"Huancabamba, Piura, Sechura","Fiesta de Herodes del Balcón y los Tres
Reyes. Bajada de Reyes."
Piura,14 de enero,Huancabamba,"Aniversario de la creación política
de la provincia."
Piura,20 de enero,Morropón,San Sebastián y San Chabaquito.
Piura,2 de febrero,Sullana,Festival del Señor de Chocán.
Piura,19-26 de marzo,Talara,Semana de Talara y Feria.
Piura,30 de marzo,Piura,Aniversario de la Fundación del Departamento.
Piura,Abril Semana Santa,Piura,Representación de Moctezuma.
Piura,Domingo de Ramos,"Huancabamba, Piura","Procesión de El Señor Triunfante
en burro. Misa y bendición de palmas."
Piura,Lunes Santo,Piura,Procesión de El Señor Cautivo.
Piura,Martes Santo,Piura,Procesión de El Señor de la Caña.
Piura,Miércoles Santo,Piura,Encuentro del Señor con Santa Verónica.
Piura,Domingo de Ramos,Piura,Procesión de Cristo Resucitado.
Piura,3 de mayo,"Ayabaca, Huancabamba, Piura",Fiesta de la Cruz.
Piura,15 de mayo,Piura,Fiesta de San Isidro.
Piura,Movible (mayo o junio),"Huancabamba, Piura",Corpus Christi.
Piura,21 de junio,Sullana,Aniversario de la ciudad.
Piura,24 de junio,Huancabamba,Fiesta de San Juan.
Piura,29 de junio,Paita,Festividad de San Pedro.
Piura,Movible,Piura,Virgen del Perpetuo Socorro.
Piura,14-20 de julio,Huancabamba,La Virgen del Carmen. Día central: 14.
Piura,16 de julio,Sullana,Festividad de la Virgen del Carmen.
Piura,14-15 de agosto,Huancabamba,Nuestra Señora de La Asunción.
Piura,30 de agosto,"Huancabamba, Morropón","Feria del Café. Fiesta de Santa Rosa
de Lima."
Piura,1-9 de setiembre,Piura,Fiesta del Algodón.
Piura,22-30 de setiembre,Paita,"Peregrinación de La Virgen de las Mercedes.
Fecha central: 24."
Piura,24 de setiembre,"Piura, Sullana",La Virgen de las Mercedes.
Piura,23-24 de setiembre,"Piura, Huancabamba","Fundación española de la ciudad
de Piura (1532) y Semana Turística de Piura.
Feria agropecuaria."
Piura,1-15 de octubre,Ayabaca,"Peregrinación y procesión de El
Señor Cautivo de Ayabaca. Fecha central:
13 de octubre."
Piura,4 de octubre,"Morropón, Sullana","San Francisco de Asís. Aniversario de
Sullana."
Piura,1° semana,Piura,"Semana Jubilar de Piura. Festival del Tondero
y de la Marinera Norteña (Club Grau)."
Piura,1 de noviembre,Morropón,Todos los Santos y los «angelitos».
Piura,1-2 de noviembre,"Piura, Morropón, Sullana","Todos los Santos. Día de los difuntos.
Velaciones."
Piura,6-15 de noviembre,Sullana,Feria de Sullana.
Piura,8 de diciembre,Sullana,Aniversario de Bellavista.
Puno,3 de enero,Yunguyo,Fiesta de El Dulce Nombre de Jesús
Puno,6 de enero,Ilave,Fiesta de Alasitas
Puno,18 de enero,Isla Amantani,Fiesta de la pachamanca
Puno,18 de enero,Isla Amantani,Fiesta de la pachamanca
Puno,2-11 de febrero,Puno,Fiesta de la Virgen de la Candelaria
Puno,Febrero,Toda la región,Carnavales
Puno,Marzo (móvil),Toda la región,Semana Santa
Puno,2-4 de mayo,Puno,Fiesta de las Alasitas
Puno,3 de mayo,Toda la región,Fiesta de las Cruces
Puno,28 de mayo,Diversas provincias,Fiesta del Espíritu Santo
Puno,16 de junio,Pucará,"Fiesta de Pucará y escenificación
del Jatun Nakaq"
Puno,24 de junio,Toda la región,Fiesta de San Juan
Puno,24 de junio,Diversas provincias,Fiesta del Inti Raymi
Puno,29 de junio,"Juli, Acora, Zepita",Fiesta del patrón de San Pedro
Puno,16 de julio,"Pomata, Lampa",Fiesta de la Parona Virgen del Carmen
Puno,24-26 de julio,"Isla Taquile, Pomata, Santiago de pupuja",Fiesta del Patrón Santiago
Puno,6 de agosto,Yunguyo,Fiesta de la Virgen de Asunción
Puno,8 de setiembre,Chucuito,Fiesta de la Virgen de la Natividad
Puno,24 de setiembre,Diversas provincias,Fiesta de la Virgen de las Mercedes
Puno,Setiembre (móvil),Sillustani,Fiesta de Cápac Ccolla
Puno,Octubre (móvil),Pomata,Fiesta de la Virgen del Rosario
Puno,10 de octubre,Yunguyo,Yunguyo Fiesta de San Francisco de Borja
Puno,1 de noviembre,Toda la región,Fiesta de todos los Santos
Puno,4 de noviembre,Puno,Aniversario de la fundación de Puno
Puno,4 de diciembre,Chucuito,Feria de las Alasitas
Puno,8 de noviembre,Lampa,Festival de Santa Lucía
Puno,22-28 de diciembre,Puno,Feria de miniaturas
Puno,25 de diciembre,Toda la región,Navidad
San Martin,Febrero o marzo,Lamas,Carnaval y junshía o matrimonio nativo
San Martin,Fecha movible,Mariscal Cáceres (Juanjuí),Carnaval
San Martin,25 de abril,San Martín,Fiesta Patronal de Santo Toribio de Morgrovejo.
San Martin,Junio,Moyobamba,Corpus Christi
San Martin,13 de junio,San Antonio,Danza Negros.
San Martin,24 de junio,Moyobamba,San Juan.
San Martin,29 de junio,Moyobamba,San Pedro.
San Martin,14-20 de julio,Huallaga(Tarapoto),Semana Turística.
San Martin,16 de julio,Lamas,Fiesta Patronal de la Virgen del Carmen.
San Martin,26 de julio,Moyobamba,Santa Ana.
San Martin,Julio y agosto,Lamas,Fiesta de la Santa Cruz de los Motilones.
San Martin,14-22 de agosto,"San Martín, Tarapoto","Fundación española de Tarapoto
(1782)"
San Martin,30 de agosto,"Lamas, Moyobamba",Fiesta Patronal de Santa Rosa.
San Martin,8 de setiembre,Lamas (Tabalosos,Nuestra Señora de la Natividad.
San Martin,14 de agosto,San Martín,Creación del departamento de San Martín.
San Martin,17-28 de setiembre,Mariscal Cáceres,Fiesta Patronal.
San Martin,18-28 de setiembre,Rioja,"Fundación española de Rioja (1772).
Fecha central: 22."
San Martin,1 de noviembre,Huallaga (Saposoa),Todos los Santos
Tacna,2 de febrero,"Tacna, Sama",Virgen de la Candelaria.
Tacna,febrero o marzo,Movible,"Carnavales. Bailes tipicos y danzas en diversos
poblados del departamento."
Tacna,19 de marzo,Pachia,Fiesta de San Jose.
Tacna,Abril,Movible,Semana Santa. Peregrinacion al cerro Intiorco.
Tacna,24 de abril,Tarata,Feria Agropecuaria.
Tacna,30 de abril,Tarata,Festival del Maiz y la Papa.
Tacna,Mayo,Todo el mes,Fiesta de las Cruces.
Tacna,26 de mayo,Tacna,Aniversario de la Batalla del Alto de la Alianza.
Tacna,4 de junio,Tarata,Festival de San Benedicto.
Tacna,7 de junio,Tacna,Aniversario de la Batalla de Arica.
Tacna,20 de junio,Tacna,"Homenaje al primer grito de libertad lanzado
por Jose Antonio de Zela."
Tacna,23 de junio,Tacna,Vispera de la Fiesta de San Juan.
Tacna,6 de julio,Tacna,Fiesta de la Virgen de la Esperanza.
Tacna,16 de julio,"Cairani, Candarave",Nuestra Señora del Carmen.
Tacna,Movible,"Pocollay, Tacna",Festival de la Uva y el Vino. Festival del Olivo.
Tacna,30 de julio,Ticaco,Fiesta del Comayle.
Tacna,4 de agosto,Ticaco,Fiesta de Santo Domingo.
Tacna,5 de agosto,Tacna,Virgen de Copacabana
Tacna,6 de agosto,Candarave,La Virgen de las Nieves.
Tacna,27 de agosto,Tacna,Ofrenda de la Juventud Tacneña.
Tacna,28 de agosto,Tacna,"Semana de Tacna. Procesion de la Bandera. Feria
Agropecuaria, Industrial y Artesanal."
Tacna,1 de setiembre,Tarata,Aniversario de Tarata.
Tacna,8 de setiembre,"Quilahuani, Candarave",Virgen de la Natividad.
Tacna,14 de setiembre,Tacna,"Peregrinacion al Santuario del Señor
de Locumba."
Tacna,24 de setiembre,"Candarave, Pocollay",Festividad de Nuestra Señora de las Mercedes.
Tacna,3 de octubre,Calana,Fiesta de la Virgen del Rosario.
Tacna,7 de octubre,Tacna,"Fiesta de la Virgen del Rosario, Patrona de
Tacna."
Tacna,15 de octubre,Tacna,Semana Turistica de Tacna.
Tacna,27 de noviembre,"Las Yaras, Sama",Feria Agropecuaria y Artesanal.
Tacna,8 de diciembre,Sama,Festival de la Virgen de las Peñas.
Tumbes,01 de enero,Tumbes (barrio de Bellavista),Celebración popular del Año Nuevo
Tumbes,07 de enero,Tumbes,"Aniversario de la Declaración de Independencia
 de Tumbes Aniversario del distrito"
Tumbes,11 de enero,Zarumilla (Papayal-La Palma),Fiesta patronal
Tumbes,30 de mayo,Zarumilla (Aguas Verdes),Fiesta patronal
Tumbes,18 de junio,"Tumbes (La Cruz, Pampas de Hospital)",Aniversario del distrito
Tumbes,29 de junio,Tumbes y Zorritos,San Pedro y San Pablo
Tumbes,20 de agosto,Tumbes (San Jacinto),Fiesta patronal de San Jacinto
Tumbes,30 de agosto,Zarumilla (Matapalo),Santa Rosa de Lima
Tumbes,04 de setiembre,Tumbes (Pamapas de Hospital-Cabuyal),Virgen de las Mercedes
Tumbes,08 de setiembre,Zarumilla,Fiesta patronal de la Virgen del Perpetuo Socorro
Tumbes,21-27 de setiembre,Tumbes,Semana Turística de Tumbes
Tumbes,24 de setiembre,Contralmirante Villar (Zorritos),La Virgen de las Mercedes
Tumbes,28 de octubre,Zarumilla,Fiesta patronal
Tumbes,13 de noviembre,Tumbes (Pampas de Hospital),Fiesta patronal de la Virgen del Perpetuo Socorro
Tumbes,24 de noviembre,Tumbes (San Jacinto),Aniversario del distrito
Tumbes,25 de noviembre,Todo Tumbes,Aniversario del departamento
Tumbes,25 de noviembre,Zarumilla y Contralmirante Villar s,Aniversario de la provincia.
Tumbes,Última semana,Zarumilla (Papayal).,Fiesta patronal
Tumbes,1-15 de diciembre,"Fiesta de integración Peruano-Ecuatoriana
 en honor de la Virgen de la Inmaculada",
Tumbes,02 de diciembre,Zarumilla (Aguas Verdes-Pocitos),Fiesta patronal
Tumbes,8 de diciembre,Tumbes,Fiesta de la Inmaculada Concepción
Tumbes,Segundo domingo,Zarumilla (Matapalo),Fiesta patronal
Ucayali,15-21 de febrero,Ucayali,Fiestas de carnavales
Ucayali,07 de enero,Tumbes,"Aniversario de la Declaración de Independencia
de Tumbes Aniversario del distrito"
Ucayali,13 de mayo,Pucallpa,Festividad de la Virgen María o la Peregrina
Ucayali,24 de junio,Región Amazónica,Fiesta de San Juan
Ucayali,10-17 de octubre,Pucallpa,Semana de Pucallpa
