Departamento,T√≠tulo,URL
Amazonas,Reportaje al Per√∫ - AMAZONAS el valle de las cataratas (estreno),https://www.youtube.com/watch?v=FmtLvl2OtHw&pp=ygUZdHVyaXNtbyBlbiBBbWF6b25hcyBQZXLDug%3D%3D
Amazonas,"El mercado m√°s EXTRA√ëO que he visitado | Amazonas: Bel√©n, Per√∫",https://www.youtube.com/watch?v=L3bp3lJScXU&pp=ygUZdHVyaXNtbyBlbiBBbWF6b25hcyBQZXLDug%3D%3D
Amazonas,üåø AMAZONAS PERUANO: Gu√≠a Completa de sitios üáµüá™,https://www.youtube.com/watch?v=OtEjK9VcrLM&t=315s&pp=ygUZdHVyaXNtbyBlbiBBbWF6b25hcyBQZXLDutIHCQnYCQGHKiGM7w%3D%3D
√Åncash,Reportaje al Per√∫: √Åncash (22/09/2024) | TVPer√∫,https://www.youtube.com/watch?v=z56Llh3sSXs&pp=ygUYdHVyaXNtbyBlbiDDgW5jYXNoIFBlcsO6
√Åncash,üåà√ÅNCASH: DESCUBRE TODOS SUS LUGARES TUR√çSTICOS | 2&THEWORLD,https://www.youtube.com/watch?v=Vzm_lnesUV4&pp=ygUYdHVyaXNtbyBlbiDDgW5jYXNoIFBlcsO6
√Åncash,"HUARAZ EN 3 D√çAS: C√≥mo llegar, qu√© hacer y costos - √Åncash 2024",https://www.youtube.com/watch?v=H8a-0I8BQIU&pp=ygUYdHVyaXNtbyBlbiDDgW5jYXNoIFBlcsO6
Apur√≠mac,¬øQu√© hacer y cu√°nto cuesta VIAJAR A APUR√çMAC un fin de semana? ‚õ∞Ô∏èüå≥ l APUR√çMAC CON NI√ëOS,https://www.youtube.com/watch?v=m-YHSVXai0g&pp=ygUadHVyaXNtbyBlbiBBcHVyw61tYWMgUGVyw7o%3D
Apur√≠mac,Reportaje al Per√∫: Apur√≠mac - cap 1,https://www.youtube.com/watch?v=FbcBjnR0ucs&pp=ygUadHVyaXNtbyBlbiBBcHVyw61tYWMgUGVyw7o%3D
Apur√≠mac,"Qu√© lugares conocer en la ciudad de Abancay, sin tour ni guiado. ‚õ∞Ô∏èüå¥",https://www.youtube.com/watch?v=rF4wpMbBXfI&pp=ygUadHVyaXNtbyBlbiBBcHVyw61tYWMgUGVyw7o%3D
Arequipa,"AREQUIPA | 13 LUGARES TUR√çSTICOS PARA VISITAR (TODO lo que DEBES SABER, HACER y CONOCER) üò≤",https://www.youtube.com/watch?v=duFze7nWfR8&pp=ygUZdHVyaXNtbyBlbiBBcmVxdWlwYSBQZXLDug%3D%3D
Arequipa,Qu√© hacer en AREQUIPA EN 4 DIAS: Gu√≠a completa 2024,https://www.youtube.com/watch?v=vHjSB8xk8Uw&pp=ygUZdHVyaXNtbyBlbiBBcmVxdWlwYSBQZXLDug%3D%3D
Arequipa,Arequipa 2025 SUPER BARATO‚ÄºÔ∏è‚úàÔ∏è 21 Lugares turisticos en 3 diasüî• 4K Peru üåã Ciudad blanca para visitar,https://www.youtube.com/watch?v=WRtBxNMoceU&pp=ygUZdHVyaXNtbyBlbiBBcmVxdWlwYSBQZXLDug%3D%3D
Ayacucho,12 LUGARES EN AYACUCHO que debes visitar este 2023,https://www.youtube.com/watch?v=IFkKuiTGpAg&pp=ygUZdHVyaXNtbyBlbiBBeWFjdWNobyBQZXLDug%3D%3D
Ayacucho,AYACUCHO : ¬øQue VISITAR en esta hermosa ciudad ? 2024,https://www.youtube.com/watch?v=tEDtfWwrJTo&pp=ygUZdHVyaXNtbyBlbiBBeWFjdWNobyBQZXLDug%3D%3D
Ayacucho,"AYACUCHO EN 4 D√çAS y con NI√ëOS ‚õ™Ô∏è (Presupuesto, itinerario, d√≥nde comer, etc)",https://www.youtube.com/watch?v=3S2GmhQl-Ro&pp=ygUZdHVyaXNtbyBlbiBBeWFjdWNobyBQZXLDug%3D%3D
Cajamarca,10 LUGARES TUR√çSTICOS para visitar en CAJAMARCA.üáµüá™,https://www.youtube.com/watch?v=echIcCeMeRc&pp=ygUadHVyaXNtbyBlbiBDYWphbWFyY2EgUGVyw7o%3D
Cajamarca,10 LUGARES que DEBES VISITAR en CAJAMARCA‚úÖüî•,https://www.youtube.com/watch?v=M9ceAAPZrMY&pp=ygUadHVyaXNtbyBlbiBDYWphbWFyY2EgUGVyw7o%3D
Cajamarca,CAJAMARCA en 3 DIAS: LUGARES TURISTICOS y costos para este 2025,https://www.youtube.com/watch?v=Ozcn6JuRzZ0&pp=ygUadHVyaXNtbyBlbiBDYWphbWFyY2EgUGVyw7o%3D
Callao,El CALLAO PER√ö | 11 MEJORES LUGARES TUR√çSTICOS que DEBES VISITAR (QUE HACER y QUE CONOCER),https://www.youtube.com/watch?v=B6x1Z6riAb4&pp=ygUXdHVyaXNtbyBlbiBDYWxsYW8gUGVyw7o%3D
Callao,¬øSENTIMOS MIEDO EN LA PUNTA DEL CALLAO? - PER√ö NO DEJA DE SORPRENDERNOSüò±,https://www.youtube.com/watch?v=VhMGE-9UcoM&pp=ygUXdHVyaXNtbyBlbiBDYWxsYW8gUGVyw7o%3D
Callao,El Camotal: el tesoro en altamar mejor guardado del Callao,https://www.youtube.com/watch?v=gt_fkd-5Ueg&pp=ygUXdHVyaXNtbyBlbiBDYWxsYW8gUGVyw7o%3D
Cusco,üëâ CUSCO en 7 d√≠as ‚õ∞Ô∏èüáµüá™ ... GU√çA DE VIAJE y lugares imperdibles üòâ ... #recomendaciones #viajes,https://www.youtube.com/watch?v=b0DtwUq386Y&pp=ygUWdHVyaXNtbyBlbiBDdXNjbyBQZXLDug%3D%3D
Cusco,17 nuevos lugares que conocer en Cusco en 3 d√≠as,https://www.youtube.com/watch?v=_YH9JoDR-kY&pp=ygUWdHVyaXNtbyBlbiBDdXNjbyBQZXLDug%3D%3D
Cusco,GU√çA COMPLETA ‚ñ∂ Qu√© ver en la CIUDAD de CUZCO / CUSCO (PER√ö) üáµüá™ üåè Turismo y viajes a PER√ö,https://www.youtube.com/watch?v=CvFEATh_EKs&pp=ygUWdHVyaXNtbyBlbiBDdXNjbyBQZXLDug%3D%3D
Huancavelica,7 Joyas OCULTAS DE HUANCAVELICA que te dejar√°n sin aliento üò≤üèîÔ∏è PER√ö,https://www.youtube.com/watch?v=bmaMzXiw1WA&pp=ygUddHVyaXNtbyBlbiBIdWFuY2F2ZWxpY2EgUGVyw7o%3D
Huancavelica,Huancavelica: conozca sus principales atractivos tur√≠sticos,https://www.youtube.com/watch?v=-fkbnxtSZUY&pp=ygUddHVyaXNtbyBlbiBIdWFuY2F2ZWxpY2EgUGVyw7rSBwkJ2AkBhyohjO8%3D
Huancavelica,CUANTO CUESTA VIAJAR A HUANCAVELICA - PER√ö por 2 d√≠as y 2 noches /que lugares tur√≠sticos visitar /,https://www.youtube.com/watch?v=kuCuy-gfUMI&pp=ygUddHVyaXNtbyBlbiBIdWFuY2F2ZWxpY2EgUGVyw7o%3D
Hu√°nuco,"Reportaje al Per√∫: HU√ÅNUCO, tierra de tradiciones (23/02/2020) | TVPer√∫",https://www.youtube.com/watch?v=bpksE3EFti0&pp=ygUZdHVyaXNtbyBlbiBIdcOhbnVjbyBQZXLDug%3D%3D
Hu√°nuco,Top 05 Lugares Tur√≠sticos de Tingo Mar√≠a Hu√°nuco Per√∫ üáµüá™ 2024,https://www.youtube.com/watch?v=W486mPdr6XI&pp=ygUZdHVyaXNtbyBlbiBIdcOhbnVjbyBQZXLDutIHCQnYCQGHKiGM7w%3D%3D
Hu√°nuco,7 Lugares TUR√çSTICOS para Visitar en la Ciudad de HU√ÅNUCO - PER√ö,https://www.youtube.com/watch?v=FLO67x5rDbk&pp=ygUZdHVyaXNtbyBlbiBIdcOhbnVjbyBQZXLDug%3D%3D
Ica,5 LUGARES QUE DEBES DE CONOCER DE LA REGI√ìN ICA,https://www.youtube.com/watch?v=ZS2UirVug10&pp=ygUUdHVyaXNtbyBlbiBJY2EgUGVyw7o%3D
Ica,ICA Lugares turisticos üî• COMO LLEGAR desde Lima √≥ ICA Barato‚ÄºÔ∏è Peru turismo Nazca Paracas Huacachina,https://www.youtube.com/watch?v=IjnYfpsW2e4&pp=ygUUdHVyaXNtbyBlbiBJY2EgUGVyw7rSBwkJ2AkBhyohjO8%3D
Ica,ICA SUPER BARATO‚ÄºÔ∏èüî• Nazca + Paracas + 9 Lugares en 3 diasüèÇüèùÔ∏è Huacachina Peru 2025 Turismo Turisticos,https://www.youtube.com/watch?v=9zN2hqcoAl0&pp=ygUUdHVyaXNtbyBlbiBJY2EgUGVyw7o%3D
Jun√≠n,DESCUBRE 10 SORPRENDENTES LUGARES en Jun√≠n ¬°No querr√°s volver de esta aventura!,https://www.youtube.com/watch?v=C9VXG0Zpg6M&pp=ygUXdHVyaXNtbyBlbiBKdW7DrW4gUGVyw7o%3D
Jun√≠n,"üáµüá™ Descubriendo la PERLA DE LOS ANDES | Tarma, Jun√≠n, Per√∫",https://www.youtube.com/watch?v=xSQoQ-MiMmQ&pp=ygUXdHVyaXNtbyBlbiBKdW7DrW4gUGVyw7o%3D
Jun√≠n,"LAGO CHINCHAYCOCHA JUN√çN, Un para√≠so de la naturaleza ü¶ô| TRAVELERAS @hugoxchugox",https://www.youtube.com/watch?v=hDRMTnH1BaM&pp=ygUXdHVyaXNtbyBlbiBKdW7DrW4gUGVyw7o%3D
La Libertad,"üî• Huamachuco, La Libertad: 8 lugares en 2 dias TODO INCLUIDO üî•üèûÔ∏èüö£‚Äç‚ôÄÔ∏èüèùÔ∏è Trujillo lugares turisticos",https://www.youtube.com/watch?v=qhaGHyx41Ps&pp=ygUcdHVyaXNtbyBlbiBMYSBMaWJlcnRhZCBQZXLDug%3D%3D
La Libertad,"10 lugares que debes conocer, si visitas TRUJILLO por primera vez.üáµüá™",https://www.youtube.com/watch?v=yrnIlr5LJAM&pp=ygUcdHVyaXNtbyBlbiBMYSBMaWJlcnRhZCBQZXLDug%3D%3D
La Libertad,LA LIBERTAD PER√ö,https://www.youtube.com/watch?v=cvZUci3l6yw&pp=ygUcdHVyaXNtbyBlbiBMYSBMaWJlcnRhZCBQZXLDug%3D%3D
Lambayeque,Chiclayo y sus imperdibles atractivos tur√≠sticos,https://www.youtube.com/watch?v=kfcCFvDS_bc&pp=ygUbdHVyaXNtbyBlbiBMYW1iYXllcXVlIFBlcsO6
Lambayeque,11 LUGARES que puedes VISITAR en LAMBAYEQUE,https://www.youtube.com/watch?v=aGkzuXGVm6U&pp=ygUbdHVyaXNtbyBlbiBMYW1iYXllcXVlIFBlcsO6
Lambayeque,LAMBAYEQUE y sus MEJORES DESTINOS TURISTICOS para conocer | 27 Lugares |,https://www.youtube.com/watch?v=6BoIXQj63Wg&pp=ygUbdHVyaXNtbyBlbiBMYW1iYXllcXVlIFBlcsO6
Lima,‚ú® LIMA en 3 D√çAS: Los Lugares IMPERDIBLES para Visitar en 2025 üáµüá™ ¬°Gu√≠a Completa!,https://www.youtube.com/watch?v=gXrBMAj8zSE&pp=ygUVdHVyaXNtbyBlbiBMaW1hIFBlcsO6
Lima,"üëâ Los 7 Mejores Destinos cerca de LIMA, PER√ö üáµüá™ ... #recomendaciones #viajes #travel",https://www.youtube.com/watch?v=q7LEW0Zem-Q&pp=ygUVdHVyaXNtbyBlbiBMaW1hIFBlcsO6
Lima,Lugares ALUCINANTES de LIMA PER√ö üáµüá™,https://www.youtube.com/watch?v=aKu14A8E2Hg&pp=ygUVdHVyaXNtbyBlbiBMaW1hIFBlcsO6
Loreto,Disfrute de Loreto y sus atractivos tur√≠sticos,https://www.youtube.com/watch?v=rSYLIMjbDVQ&pp=ygUXdHVyaXNtbyBlbiBMb3JldG8gUGVyw7o%3D
Loreto,"Iquitos, Mercados Ex√≥ticos En La Selva Amaz√≥nica. Loreto, Per√∫",https://www.youtube.com/watch?v=Fg5uq8CHI-c&pp=ygUXdHVyaXNtbyBlbiBMb3JldG8gUGVyw7o%3D
Loreto,"El mercado m√°s EXTRA√ëO que he visitado | Amazonas: Bel√©n, Per√∫",https://www.youtube.com/watch?v=L3bp3lJScXU&pp=ygUXdHVyaXNtbyBlbiBMb3JldG8gUGVyw7rSBwkJ2AkBhyohjO8%3D
Madre de Dios,"10 lugares tur√≠sticos de Puerto Maldonado, Madre de Dios",https://www.youtube.com/watch?v=TbyMETOEdKI&pp=ygUedHVyaXNtbyBlbiBNYWRyZSBkZSBEaW9zIFBlcsO6
Madre de Dios,Reportaje al Per√∫: Madre de Dios (04/06/2023) | TVPer√∫,https://www.youtube.com/watch?v=1Vx9whQQUhM&pp=ygUedHVyaXNtbyBlbiBNYWRyZSBkZSBEaW9zIFBlcsO6
Madre de Dios,"PUERTO MALDONADO, un PARA√çSO NATURAL por descubrir üêÖü¶ú| TRAVELERAS",https://www.youtube.com/watch?v=f0f91msTfco&pp=ygUedHVyaXNtbyBlbiBNYWRyZSBkZSBEaW9zIFBlcsO6
Moquegua,MOQUEGUA: 5 maravillas ocultas que debes conocer | Turismo | Viajes,https://www.youtube.com/watch?v=99YAbhTGa-M&pp=ygUZdHVyaXNtbyBlbiBNb3F1ZWd1YSBQZXLDug%3D%3D
Moquegua,Reportaje al Per√∫: Moquegua (08/09/2024) | TVPer√∫,https://www.youtube.com/watch?v=TXi5SZqYVWw&pp=ygUZdHVyaXNtbyBlbiBNb3F1ZWd1YSBQZXLDug%3D%3D
Moquegua,MOQUEGUA 2025 BARATO y con NI√ëOS ‚òÄÔ∏è l ¬øC√≥mo llegar? ¬øQu√© hacer? ¬øPresupuesto? l EP. 1,https://www.youtube.com/watch?v=0fUxf3FDzn4&pp=ygUZdHVyaXNtbyBlbiBNb3F1ZWd1YSBQZXLDutIHCQnYCQGHKiGM7w%3D%3D
Pasco,"Las MARAVILLAS DE Cerro de Pasco, Bosque de Piedras de Huayllay - Nevado Huaguruncho",https://www.youtube.com/watch?v=lSZ3BqiyYtU&pp=ygUWdHVyaXNtbyBlbiBQYXNjbyBQZXLDug%3D%3D
Pasco,"üáµüá™ Cerro de Pasco: 2 Lugares TURISTICOS en 1 d√≠a üçÉüèûÔ∏è COMO LLEGAR ‚ÄºÔ∏è Turismo en Lima, Pasco Peru tour",https://www.youtube.com/watch?v=n-VmM963Xuw&pp=ygUWdHVyaXNtbyBlbiBQYXNjbyBQZXLDug%3D%3D
Pasco,"Cerro de Pasco: Puentes milenarios, pueblos fantasma y tesoros escondidos | DOCUMENTAL",https://www.youtube.com/watch?v=OH94RNCp_ss&pp=ygUWdHVyaXNtbyBlbiBQYXNjbyBQZXLDug%3D%3D
Piura,PIURA:¬øQUE VISITAR EN LA CIUDAD DEL ETERNO CALOR?. #1,https://www.youtube.com/watch?v=jfLlRVjfGR8&pp=ygUWdHVyaXNtbyBlbiBQaXVyYSBQZXLDug%3D%3D
Piura,5 LUGARES OBLIGADOS EN TU VISITA A PIURA #turismo #piura #norte #recorrido,https://www.youtube.com/watch?v=r2o7LitC_Oo&pp=ygUWdHVyaXNtbyBlbiBQaXVyYSBQZXLDug%3D%3D
Piura,Reportaje al Per√∫: Piura (21/07/2024) | TVPer√∫,https://www.youtube.com/watch?v=FC9006MzlUU&pp=ygUWdHVyaXNtbyBlbiBQaXVyYSBQZXLDug%3D%3D
Puno,5 LUGARES TUR√çSTICOS IMPRESCINDIBLES para visitar en PUNOüáµüá™,https://www.youtube.com/watch?v=xQwE0AlPoNM&pp=ygUVdHVyaXNtbyBlbiBQdW5vIFBlcsO6
Puno,Reportaje al Per√∫: Puno (22/10/2023) | TVPer√∫,https://www.youtube.com/watch?v=xz3aOvubLtQ&pp=ygUVdHVyaXNtbyBlbiBQdW5vIFBlcsO6
Puno,"PUNO en 3 DIAS: Lampa, isla de los uros, taquile y mas - Presupuesto 2024",https://www.youtube.com/watch?v=9_3nYXkoe80&pp=ygUVdHVyaXNtbyBlbiBQdW5vIFBlcsO6
San Mart√≠n,Descubre la maravillosa regi√≥n de San Mart√≠n #ElPer√∫EsSusRegiones,https://www.youtube.com/watch?v=-NyTVxp2wgw&pp=ygUcdHVyaXNtbyBlbiBTYW4gTWFydMOtbiBQZXLDug%3D%3D
San Mart√≠n,7 LUGARES TURISTICOS QUE TIENES QUE VISITAR EN TARAPOTO /PERU,https://www.youtube.com/watch?v=icRpTjE3-Qs&pp=ygUcdHVyaXNtbyBlbiBTYW4gTWFydMOtbiBQZXLDug%3D%3D
San Mart√≠n,JUANJU√ç PER√ö // Descubre la Perla Amaz√≥nica de San Mart√≠n en la Selva Peruana,https://www.youtube.com/watch?v=ZdI30eqrPTg&pp=ygUcdHVyaXNtbyBlbiBTYW4gTWFydMOtbiBQZXLDug%3D%3D
Tacna,TACNA | 10 LUGARES TUR√çSTICOS PARA VISITAR en la CIUDAD HEROICA del PER√ö (QUE HACER y QUE CONOCER),https://www.youtube.com/watch?v=jBZNko7b2QY&pp=ygUWdHVyaXNtbyBlbiBUYWNuYSBQZXLDug%3D%3D
Tacna,¬°Descubre TACNA EN 3 DIAS! Presupuesto incre√≠ble para planificar tu aventura 2023,https://www.youtube.com/watch?v=5nv4-ogYzTU&pp=ygUWdHVyaXNtbyBlbiBUYWNuYSBQZXLDug%3D%3D
Tacna,"Reportaje al Per√∫: Tacna, heroicidad, valles y mar (16/04/2023) TVPer√∫",https://www.youtube.com/watch?v=XnqQxGAOdhA&pp=ygUWdHVyaXNtbyBlbiBUYWNuYSBQZXLDug%3D%3D
Tumbes,Reportaje al Per√∫: Tumbes (07/07/2024) | TVPer√∫,https://www.youtube.com/watch?v=5nqgLqoQoxI&pp=ygUXdHVyaXNtbyBlbiBUdW1iZXMgUGVyw7o%3D
Tumbes,üö£ Manglares de tumbes + Ecuador frontera üåâ Como llegar BARATO‚úÖ Sin tour 2025 Peru Lugares turisticos,https://www.youtube.com/watch?v=0QARuR8mvms&pp=ygUXdHVyaXNtbyBlbiBUdW1iZXMgUGVyw7o%3D
Tumbes,Cr√≥nicas de un viajero | Turismo en Tumbes,https://www.youtube.com/watch?v=cd1_v8PahC0&pp=ygUXdHVyaXNtbyBlbiBUdW1iZXMgUGVyw7o%3D
Ucayali,Reportaje al Per√∫: Ucayali (04/08/2024) | TVPer√∫,https://www.youtube.com/watch?v=D3mENqKVxhM&pp=ygUYdHVyaXNtbyBlbiBVY2F5YWxpIFBlcsO6
Ucayali,Ucayali: conozca sus principales atractivos tur√≠sticos,https://www.youtube.com/watch?v=M-j-DdXlIpk&pp=ygUYdHVyaXNtbyBlbiBVY2F5YWxpIFBlcsO6
Ucayali,"Pucallpa, Per√∫: La tierra colorada de Ucayali | Gigi Aventuras",https://www.youtube.com/watch?v=-rszcJDAUoI&pp=ygUYdHVyaXNtbyBlbiBVY2F5YWxpIFBlcsO6
